{
	"q_liq": [
		0.0,
		4.040404040404041,
		8.080808080808081,
		12.121212121212121,
		16.161616161616163,
		20.202020202020204,
		24.242424242424242,
		28.282828282828284,
		32.323232323232325,
		36.36363636363637,
		40.40404040404041,
		44.44444444444445,
		48.484848484848484,
		52.525252525252526,
		56.56565656565657,
		60.60606060606061,
		64.64646464646465,
		68.68686868686869,
		72.72727272727273,
		76.76767676767678,
		80.80808080808082,
		84.84848484848486,
		88.8888888888889,
		92.92929292929294,
		96.96969696969697,
		101.01010101010101,
		105.05050505050505,
		109.0909090909091,
		113.13131313131314,
		117.17171717171718,
		121.21212121212122,
		125.25252525252526,
		129.2929292929293,
		133.33333333333334,
		137.37373737373738,
		141.41414141414143,
		145.45454545454547,
		149.4949494949495,
		153.53535353535355,
		157.5757575757576,
		161.61616161616163,
		165.65656565656568,
		169.69696969696972,
		173.73737373737376,
		177.7777777777778,
		181.81818181818184,
		185.85858585858588,
		189.89898989898992,
		193.93939393939394,
		197.97979797979798,
		202.02020202020202,
		206.06060606060606,
		210.1010101010101,
		214.14141414141415,
		218.1818181818182,
		222.22222222222223,
		226.26262626262627,
		230.3030303030303,
		234.34343434343435,
		238.3838383838384,
		242.42424242424244,
		246.46464646464648,
		250.50505050505052,
		254.54545454545456,
		258.5858585858586,
		262.62626262626264,
		266.6666666666667,
		270.7070707070707,
		274.74747474747477,
		278.7878787878788,
		282.82828282828285,
		286.8686868686869,
		290.90909090909093,
		294.949494949495,
		298.989898989899,
		303.03030303030306,
		307.0707070707071,
		311.11111111111114,
		315.1515151515152,
		319.1919191919192,
		323.23232323232327,
		327.2727272727273,
		331.31313131313135,
		335.3535353535354,
		339.39393939393943,
		343.4343434343435,
		347.4747474747475,
		351.51515151515156,
		355.5555555555556,
		359.59595959595964,
		363.6363636363637,
		367.6767676767677,
		371.71717171717177,
		375.7575757575758,
		379.79797979797985,
		383.8383838383839,
		387.8787878787879,
		391.9191919191919,
		395.95959595959596,
		400.0
	],
	"p_wf": [
		246.7346363535046,
		246.73377207323736,
		246.7324525354462,
		246.7282561261933,
		246.72346729070867,
		246.7179532440414,
		246.7114192710298,
		246.70386563212526,
		246.6952984098822,
		246.6857222375133,
		246.67514065531122,
		246.66355644001993,
		246.65097181952075,
		246.63738861563343,
		246.62280834231538,
		246.6072322751756,
		246.5906615019559,
		246.57309695998075,
		246.55453946447932,
		246.53498973035656,
		246.51444838918513,
		246.49291600263427,
		246.47039307322513,
		246.44688005301808,
		246.42237735071816,
		246.39688533752104,
		246.37040435197878,
		246.342934704068,
		246.31447667862275,
		246.28503053824326,
		246.254596525782,
		246.2231748664784,
		246.19076576979947,
		246.15736943103255,
		246.1229860326804,
		246.0876157456744,
		246.0512587304451,
		246.0139151378651,
		245.97558511007875,
		245.93626878124883,
		245.8959662782116,
		245.8546777210703,
		245.81240322371923,
		245.76914289432298,
		245.72489683574233,
		245.67966514592348,
		245.63344791824386,
		245.58624524183435,
		245.538057201865,
		245.48888387981398,
		245.43872535370238,
		245.38758169831812,
		245.335452985419,
		245.28233928391563,
		245.2282406600437,
		245.17315717752166,
		245.11708889769577,
		245.06003587967564,
		245.00199818045593,
		244.94297585503676,
		244.8829689565245,
		244.82197753623754,
		244.76000164379394,
		244.69704132720162,
		244.63309663293742,
		244.5681676060232,
		244.50225429009492,
		244.43535672747151,
		244.3674749592134,
		244.2986090251818,
		244.22875896409613,
		244.15792481358037,
		244.08610661021396,
		244.0133043895797,
		243.93951818630094,
		243.86474803408714,
		243.7889939657675,
		243.71225601333208,
		243.6345342079619,
		243.5558285800648,
		243.47613915929952,
		243.3954659746137,
		243.3138090542646,
		243.23116842584665,
		243.14754411631878,
		243.06293615202597,
		242.97734455872086,
		242.89076936158594,
		242.80321058525493,
		242.71466825383214,
		242.6251423909085,
		242.53463301957947,
		242.44314016246685,
		242.35066384172728,
		242.25720407907446,
		242.16276089578793,
		242.06733431273173,
		241.97092435036404,
		241.87353102875508,
		241.77515436759268
	]
}