{"gamma_water": 1.0470953358498873, "md_vdp": 3139.6132343661047, "d_tub": 0.07722292523258908, "angle": 51.06262867663388, "roughness": 0.0006670478701609058, "p_wh": 112.56566356674264, "t_wh": 24.202340082079807, "temp_grad": 2.585390135488688}