{"gamma_water": 0.9956407662636384, "md_vdp": 2252.255757952471, "d_tub": 0.6800767064549128, "angle": 81.90649749284452, "roughness": 0.0004688949401697286, "p_wh": 116.86684999999204, "t_wh": 33.03492935575856, "temp_grad": 2.809081421314585}