{
    "q_liq": [
        1,
        20,
        40,
        60,
        80,
        100,
        120,
        140,
        160,
        180,
        200,
        220,
        240,
        260,
        280,
        300,
        320,
        340,
        360,
        380,
        400
    ],
    "p_wf": [
        329.1892282338347,
        329.16217304918763,
        329.0892897321912,
        328.97189666914966,
        328.8101984062763,
        328.6042844673928,
        328.3542052554456,
        328.05999323303126,
        327.721671152302,
        327.33925591546017,
        326.9127606252111,
        326.442195774935,
        325.927569987221,
        325.368890496667,
        324.76616347898556,
        324.1193942831709,
        323.42858760004555,
        322.69374758762547,
        321.91487796633504,
        321.09198209263735,
        320.2250630168863
    ]
}