{"gamma_water": 1.0436559239802052, "md_vdp": 2327.366206561479, "d_tub": 0.07188774060224419, "angle": 64.74462023166396, "roughness": 0.00034830794530518614, "p_wh": 130.13350783040906, "t_wh": 22.599011349724204, "temp_grad": 2.0366306785163513}