{"gamma_water": 1.0179115494421604, "md_vdp": 2560.7358194324115, "d_tub": 0.08581831634516876, "angle": 56.22825885617751, "roughness": 0.0003935839727709461, "p_wh": 151.32654595389886, "t_wh": 28.75610701819444, "temp_grad": 2.947060639486247}