{
	"q_liq": [
		0,
		10,
		20,
		30,
		40,
		50,
		60,
		70,
		80,
		90,
		100,
		110,
		120,
		130,
		140,
		150,
		160,
		170,
		180,
		190,
		200,
		210,
		220,
		230,
		240,
		250,
		260,
		270,
		280,
		290,
		300,
		310,
		320,
		330,
		340,
		350,
		360,
		370,
		380,
		390
	],
	"p_wf": [
		360.44495210983314,
		360.4374173155522,
		360.4169077366214,
		360.38599843558694,
		360.34426784578824,
		360.2918005949055,
		360.22864412677285,
		360.1548284118301,
		360.0703739478701,
		359.9752955730001,
		359.8696044966622,
		359.75330947335226,
		359.62641752477197,
		359.4889344068539,
		359.34086492432584,
		359.18221314987767,
		359.0129825812945,
		358.83317625690876,
		358.6427968422486,
		358.4418466962882,
		358.2303279229373,
		358.0082424116458,
		357.77559186984377,
		357.53237784916183,
		357.27860176685164,
		357.0142649234518,
		356.73936851748647,
		356.4539136577926,
		356.15790137393475,
		355.8513326250648,
		355.53420830750485,
		355.2065292612757,
		354.86829627574764,
		354.5195100945569,
		354.1601714199024,
		353.7902809163178,
		353.409839213996,
		353.0188469117326,
		352.6173045795378,
		352.2052127609658
	]
}