{
	"q_liq": [
		0,
		10,
		20,
		30,
		40,
		50,
		60,
		70,
		80,
		90,
		100,
		110,
		120,
		130,
		140,
		150,
		160,
		170,
		180,
		190,
		200,
		210,
		220,
		230,
		240,
		250,
		260,
		270,
		280,
		290,
		300,
		310,
		320,
		330,
		340,
		350,
		360,
		370,
		380,
		390
	],
	"p_wf": [
		362.93452691550874,
		362.9328323305364,
		362.92615001030595,
		362.91849918325346,
		362.9075888584231,
		362.89403612761754,
		362.87787130354997,
		362.85911234462736,
		362.8377717366999,
		362.81385860262696,
		362.78737985932844,
		362.7583409070477,
		362.7267460636328,
		362.6925988506519,
		362.65590218871307,
		362.61665853509174,
		362.57486998309406,
		362.5305383355014,
		362.4836651598645,
		362.43425183089977,
		362.38229956343787,
		362.3278094384336,
		362.2707824236946,
		362.21121939063426,
		362.1491211279355,
		362.0844883527388,
		362.0173217199991,
		361.9476218302538,
		361.8753892361633,
		361.80062444810795,
		361.72332793887915,
		361.6435001477808,
		361.5611414841191,
		361.47625233023433,
		361.3888330441609,
		361.2988839619127,
		361.206405399546,
		361.1113976549244,
		361.0138610093011,
		360.9137957287463
	]
}