{
	"q_liq": [
		0,
		10,
		20,
		30,
		40,
		50,
		60,
		70,
		80,
		90,
		100,
		110,
		120,
		130,
		140,
		150,
		160,
		170,
		180,
		190,
		200,
		210,
		220,
		230,
		240,
		250,
		260,
		270,
		280,
		290,
		300,
		310,
		320,
		330,
		340,
		350,
		360,
		370,
		380,
		390
	],
	"p_wf": [
		376.29662543853976,
		376.28903758165285,
		376.2677225525368,
		376.2343054222981,
		376.18843120807963,
		376.1301304444364,
		376.0594203401304,
		375.97631195372367,
		375.88081300943406,
		375.772929220953,
		375.6526649954683,
		375.5200238426219,
		375.37500862840506,
		375.21762174119414,
		375.04786520495935,
		374.86574075914757,
		374.67124991668834,
		374.46439400714934,
		374.24517420952316,
		374.0135915775899,
		373.76964705985256,
		373.51334151542636,
		373.2446757268644,
		372.96365041062415,
		372.67026622569784,
		372.3645237807912,
		372.0464236403472,
		371.71596632963656,
		371.373152339092,
		371.0179821280191,
		370.6504561277964,
		370.2705747446454,
		369.8783383620442,
		369.4737473428394,
		369.05680203110074,
		368.627502753759,
		368.185849822056,
		367.7318435328341,
		367.26548416968603,
		366.78677200398505
	]
}