{
    "q_liq": [
        0,
        10,
        20,
        30,
        40,
        50,
        60,
        70,
        80,
        90,
        100,
        110,
        120,
        130,
        140,
        150,
        160,
        170,
        180,
        190,
        200,
        210,
        220,
        230,
        240,
        250,
        260,
        270,
        280,
        290,
        300,
        310,
        320,
        330,
        340,
        350,
        360,
        370,
        380,
        390
    ],
    "p_wf": [
        358.3209088576317,
        358.3184089096264,
        358.31098208653015,
        358.3002323101709,
        358.2858209930163,
        358.2677883381209,
        358.2461577515893,
        358.22094416211945,
        358.19215782247977,
        358.1598061600478,
        358.1238947775924,
        358.0844280380294,
        358.0414094270703,
        357.9948417890717,
        357.94472748650213,
        357.89106851132055,
        357.83386656494133,
        357.77312311702053,
        357.7088394495716,
        357.64101669067554,
        357.56965584065426,
        357.49475779268363,
        357.41632334923725,
        357.3343532353542,
        357.248848109458,
        357.15980857226214,
        357.0672351741654,
        356.97112842144026,
        356.8714887814519,
        356.76831668708786,
        356.661612540542,
        356.5513767165653,
        356.43760956527456,
        356.3203114145911,
        356.19948257236746,
        356.07512332825183,
        355.9472339553278,
        355.8158147115633,
        355.68086584109443,
        355.5423875753698
    ]
}