{
	"q_liq": [
		0.0,
		4.040404040404041,
		8.080808080808081,
		12.121212121212121,
		16.161616161616163,
		20.202020202020204,
		24.242424242424242,
		28.282828282828284,
		32.323232323232325,
		36.36363636363637,
		40.40404040404041,
		44.44444444444445,
		48.484848484848484,
		52.525252525252526,
		56.56565656565657,
		60.60606060606061,
		64.64646464646465,
		68.68686868686869,
		72.72727272727273,
		76.76767676767678,
		80.80808080808082,
		84.84848484848486,
		88.8888888888889,
		92.92929292929294,
		96.96969696969697,
		101.01010101010101,
		105.05050505050505,
		109.0909090909091,
		113.13131313131314,
		117.17171717171718,
		121.21212121212122,
		125.25252525252526,
		129.2929292929293,
		133.33333333333334,
		137.37373737373738,
		141.41414141414143,
		145.45454545454547,
		149.4949494949495,
		153.53535353535355,
		157.5757575757576,
		161.61616161616163,
		165.65656565656568,
		169.69696969696972,
		173.73737373737376,
		177.7777777777778,
		181.81818181818184,
		185.85858585858588,
		189.89898989898992,
		193.93939393939394,
		197.97979797979798,
		202.02020202020202,
		206.06060606060606,
		210.1010101010101,
		214.14141414141415,
		218.1818181818182,
		222.22222222222223,
		226.26262626262627,
		230.3030303030303,
		234.34343434343435,
		238.3838383838384,
		242.42424242424244,
		246.46464646464648,
		250.50505050505052,
		254.54545454545456,
		258.5858585858586,
		262.62626262626264,
		266.6666666666667,
		270.7070707070707,
		274.74747474747477,
		278.7878787878788,
		282.82828282828285,
		286.8686868686869,
		290.90909090909093,
		294.949494949495,
		298.989898989899,
		303.03030303030306,
		307.0707070707071,
		311.11111111111114,
		315.1515151515152,
		319.1919191919192,
		323.23232323232327,
		327.2727272727273,
		331.31313131313135,
		335.3535353535354,
		339.39393939393943,
		343.4343434343435,
		347.4747474747475,
		351.51515151515156,
		355.5555555555556,
		359.59595959595964,
		363.6363636363637,
		367.6767676767677,
		371.71717171717177,
		375.7575757575758,
		379.79797979797985,
		383.8383838383839,
		387.8787878787879,
		391.9191919191919,
		395.95959595959596,
		400.0
	],
	"p_wf": [
		342.25575814316346,
		342.25445071878033,
		342.2526405397934,
		342.2468908987607,
		342.23987402415867,
		342.2320753047765,
		342.2228970584367,
		342.21231620540715,
		342.20034287221205,
		342.1869853184416,
		342.17224992838146,
		342.1561417437067,
		342.13866483073116,
		342.11982252833957,
		342.0996176201396,
		342.07805245736336,
		342.05512904874826,
		342.03084912765945,
		342.00521420313447,
		341.97822559932735,
		341.9498844864271,
		341.9201919052012,
		341.8891487867028,
		341.85675596826064,
		341.8230142065741,
		341.787924188531,
		341.75148654021484,
		341.71370183445936,
		341.67457059722784,
		341.6340933130326,
		341.59227042956763,
		341.5491023616885,
		341.5045894948497,
		341.45873218808777,
		341.4115307766208,
		341.36298557412357,
		341.3130968747279,
		341.26186495478555,
		341.20929007442953,
		341.1553724789605,
		341.1001124000816,
		341.0435100570024,
		340.98556565742786,
		340.9262793984469,
		340.86565146733346,
		340.8036820422695,
		340.7403712929995,
		340.6757193814252,
		340.6097264621449,
		340.54239268294646,
		340.47371818525625,
		340.40370310455074,
		340.3323475707328,
		340.259651708478,
		340.18561563755253,
		340.1102394731065,
		340.03352332594415,
		339.95546730277334,
		339.87607150643754,
		339.79533603612947,
		339.7132609875897,
		339.6298464532917,
		339.5450925226138,
		339.45899928199884,
		339.3715668151038,
		339.2827952029385,
		339.1926845239969,
		339.10123485437805,
		339.00844626790075,
		338.9143188362105,
		338.81885262887977,
		338.7220477135028,
		338.623904155784,
		338.52442201962145,
		338.4236013671864,
		338.32144225899606,
		338.217944753985,
		338.1131089095705,
		338.0069347817152,
		337.89942242498637,
		337.79057189261164,
		337.6803832365324,
		337.5688565074536,
		337.45599175489116,
		337.3417890272184,
		337.22624837170787,
		337.1093698345724,
		336.99115346100456,
		336.8715992952128,
		336.75070738045713,
		336.62847775908267,
		336.50491047255144,
		336.380005561473,
		336.2537630656333,
		336.1261830240226,
		335.99726547486256,
		335.86701045563046,
		335.7354180030845,
		335.60248815328663,
		335.4682209416245
	]
}