{
	"q_liq": [
		0,
		10,
		20,
		30,
		40,
		50,
		60,
		70,
		80,
		90,
		100,
		110,
		120,
		130,
		140,
		150,
		160,
		170,
		180,
		190,
		200,
		210,
		220,
		230,
		240,
		250,
		260,
		270,
		280,
		290,
		300,
		310,
		320,
		330,
		340,
		350,
		360,
		370,
		380,
		390
	],
	"p_wf": [
		203.61272144090797,
		203.59121638292624,
		203.52413520848755,
		203.43139402911425,
		203.30965704416483,
		203.15988156920799,
		202.98253145817913,
		202.7779718726869,
		202.546479151246,
		202.28822107081175,
		202.00335553910683,
		201.6919911176906,
		201.35421662965704,
		200.99010115963484,
		200.59968418455467,
		200.18301505057983,
		199.74012336540836,
		199.27102886750556,
		198.7757512953368,
		198.25430051813474,
		197.70667653589934,
		197.13288921786333,
		196.53291882556133,
		195.906775228226,
		195.2544288181594,
		194.5758697261288,
		193.87108808290157,
		193.14006415001234,
		192.38275845053048,
		191.5991512459906,
		190.78921292869479,
		189.95289415247965,
		189.09018504811253,
		188.20101653096473,
		188.14829509005674,
		184.52510239328894,
		183.64304959289417,
		182.25961016530966,
		180.77815938810759,
		180.14003454231435
	]
}