{
	"q_liq": [
		0.0,
		10.0,
		20.0,
		30.0,
		40.0,
		50.0,
		60.0,
		70.0,
		80.0,
		90.0,
		100.0,
		110.00000000000001,
		120.0,
		130.0,
		140.0,
		150.0,
		160.0,
		169.99999999999997,
		180.0,
		190.0,
		200.0,
		210.0,
		220.00000000000003,
		230.0,
		240.0,
		250.0,
		260.0,
		270.0,
		280.0,
		290.0,
		300.0,
		310.0,
		320.0,
		330.0,
		339.99999999999994,
		350.0,
		360.0,
		370.0,
		380.0,
		389.99999999999994
	],
	"p_wf": [
		435.59689380962266,
		435.59245033323816,
		435.57861009004563,
		435.55874906281684,
		435.5316343518727,
		435.4974934508532,
		435.456353122246,
		435.4082300603368,
		435.35313567939767,
		435.2910782497854,
		435.2220640290673,
		435.14609791361534,
		435.0631838387627,
		434.9733250372843,
		434.87652421341573,
		434.7727836641061,
		434.6621053659723,
		434.54449103921735,
		434.4199421956607,
		434.28846017547534,
		434.1500461757733,
		434.0047012731928,
		433.8524264419246,
		433.6932225683433,
		433.5270904629404,
		433.35403087019495,
		433.17404447680184,
		432.98713191854847,
		432.79329378617854,
		432.5925306303461,
		432.38484296588297,
		432.1702312754674,
		431.9486960128046,
		431.72023760540526,
		431.48485645699554,
		431.2425529496668,
		430.99332744574036,
		430.7371802894389,
		430.47411180836673,
		430.20412231483203
	]
}