{"gamma_water": 1.0615908140854549, "md_vdp": 2553.3111523163393, "d_tub": 0.08692984491282545, "angle": 66.60594036743713, "roughness": 0.00015246653401645204, "p_wh": 163.1451179421429, "t_wh": 30.09055811254224, "temp_grad": 2.032615532376016}