{"gamma_water": 0.971743549218927, "md_vdp": 2178.0183548844375, "d_tub": 0.07813474996864594, "angle": 89.2148435286657, "roughness": 0.0009327954216145792, "p_wh": 121.5212351614781, "t_wh": 27.334440626082532, "temp_grad": 2.9675907169483224}