{"gamma_water": 0.9974119149798719, "md_vdp": 2764.0549899214448, "d_tub": 0.06591752424146266, "angle": 80.47848386669185, "roughness": 0.0003091727046321148, "p_wh": 136.05798700778203, "t_wh": 26.104332293188772, "temp_grad": 2.2827422270429416}