{"gamma_water": 1.0368694338193978, "md_vdp": 3103.9385524723707, "d_tub": 0.0803241605369353, "angle": 60.09524949631164, "roughness": 0.0005694032496649107, "p_wh": 169.62629023200577, "t_wh": 25.10705416792023, "temp_grad": 2.8305633946722457}