{"gamma_water": 0.9964881946579424, "md_vdp": 3099.3652647001372, "d_tub": 0.06935396813087244, "angle": 72.50107348700148, "roughness": 0.0005645474385503519, "p_wh": 134.58016068013964, "t_wh": 32.01952327643399, "temp_grad": 2.9469564022651173}