{"gamma_water": 1.0513448616791636, "md_vdp": 2768.9218032313593, "d_tub": 0.09288932353748124, "angle": 64.53853293844668, "roughness": 0.00035247793106060575, "p_wh": 110.25744715731486, "t_wh": 20.9185746096876, "temp_grad": 2.4241449398866175}