{"gamma_water": 0.9741397954633735, "md_vdp": 2034.1690721254593, "d_tub": 0.08856809406854617, "angle": 45.306183371295916, "roughness": 0.0005327577248695044, "p_wh": 114.42522357108705, "t_wh": 31.16495750485225, "temp_grad": 2.312435768231877}