{"gamma_water": 0.9885948360916164, "md_vdp": 1899.826482845934, "d_tub": 0.08192110386855486, "angle": 69.73560159720516, "roughness": 0.00023802422480104625, "p_wh": 129.11922480627834, "t_wh": 31.23960301164668, "temp_grad": 2.563824211415061}