{"gamma_water": 1.0234161726214432, "md_vdp": 2658.8179653586294, "d_tub": 0.07038126190217257, "angle": 75.69418139887297, "roughness": 0.0003897850584166272, "p_wh": 107.53764429251866, "t_wh": 28.64158285127942, "temp_grad": 2.3294714876981493}