{"gamma_water": 0.9774988154511567, "md_vdp": 2874.3827442862325, "d_tub": 0.09069232146424638, "angle": 47.74008537756223, "roughness": 0.0004907668396618473, "p_wh": 126.01808433130411, "t_wh": 31.284386156610108, "temp_grad": 2.0128372245339756}