{"gamma_water": 0.9720569004586745, "md_vdp": 3130.3547206256853, "d_tub": 0.07810923494841981, "angle": 78.44136772965743, "roughness": 0.0007764491132612663, "p_wh": 162.28341762345696, "t_wh": 27.868032317148725, "temp_grad": 2.5533238729016245}