{"gamma_water": 1.0112324090909608, "md_vdp": 3028.4209398745497, "d_tub": 0.09288550895730509, "angle": 60.75034367320686, "roughness": 0.00024100847654484728, "p_wh": 138.02124694229036, "t_wh": 31.18870339021059, "temp_grad": 2.4645226207816506}