{"gamma_water": 1.0007442020103237, "md_vdp": 2759.268963006947, "d_tub": 0.06887292584539645, "angle": 50.24717801593331, "roughness": 0.0007430213333353542, "p_wh": 158.18301806608477, "t_wh": 34.48406690208521, "temp_grad": 2.5535233804771456}