{"gamma_water": 1.0181664482338635, "md_vdp": 2027.4733947878672, "d_tub": 0.09292498275184133, "angle": 62.18288032847772, "roughness": 0.0007048083689521259, "p_wh": 138.74128407443817, "t_wh": 31.565959659912394, "temp_grad": 2.0384658649121192}