{"gamma_water": 1.07565568920313, "md_vdp": 2692.515422516977, "d_tub": 0.07567968579215238, "angle": 84.63136347450684, "roughness": 0.00010286721440971279, "p_wh": 165.99950330629298, "t_wh": 32.26242352241539, "temp_grad": 2.4020332946353986}