{"gamma_water": 1.0551100201963948, "md_vdp": 1964.6846892072083, "d_tub": 0.07302379952850623, "angle": 59.81495283336219, "roughness": 0.0004112277805794436, "p_wh": 128.7499114162156, "t_wh": 27.050237132321016, "temp_grad": 2.4855549458729325}