{"gamma_water": 0.9733276060694152, "md_vdp": 2500.170068391698, "d_tub": 0.0826450006505085, "angle": 69.86661118836116, "roughness": 0.0005738683841865949, "p_wh": 167.18397714175353, "t_wh": 24.064664904681944, "temp_grad": 2.2885791007155594}