{"gamma_water": 0.9865468716867212, "md_vdp": 2245.6882190035462, "d_tub": 0.09345399320976769, "angle": 71.45278335676684, "roughness": 0.0009909185827812075, "p_wh": 157.18583178835414, "t_wh": 23.50542526812693, "temp_grad": 2.2099880604874214}