{"gamma_water": 0.9618256676737842, "md_vdp": 2575.4171182070786, "d_tub": 0.08409867560459006, "angle": 42.291337149774634, "roughness": 0.00040597398604880636, "p_wh": 157.77976863426127, "t_wh": 27.300988820154892, "temp_grad": 2.1453116429541055}