{"gamma_water": 1.0681432201486523, "md_vdp": 2037.066511227533, "d_tub": 0.08297385406146979, "angle": 80.02123027566078, "roughness": 0.000875182837923772, "p_wh": 112.6710236864431, "t_wh": 31.023955886387192, "temp_grad": 2.0581440000442104}