{"gamma_water": 1.0212561204864476, "md_vdp": 2871.808634755892, "d_tub": 0.08543487174588056, "angle": 45.88152085906221, "roughness": 0.0007045435615016635, "p_wh": 153.61199287205062, "t_wh": 26.17633762249641, "temp_grad": 2.1619784753494384}