{"gamma_water": 0.9623752846225958, "md_vdp": 2680.6008240290994, "d_tub": 0.07173080842176226, "angle": 70.06884382328695, "roughness": 0.0009251934024296495, "p_wh": 136.93138743581466, "t_wh": 30.71827805443803, "temp_grad": 2.241093100681135}