{"gamma_water": 1.025853704465594, "md_vdp": 1800.0986225703164, "d_tub": 0.07325083722674439, "angle": 49.623186131405305, "roughness": 0.0004328120617407597, "p_wh": 110.87006871382086, "t_wh": 26.415914310795074, "temp_grad": 2.171849217867482}