{"gamma_water": 1.0401989588824798, "md_vdp": 2990.925152101205, "d_tub": 0.0909295061141413, "angle": 68.00686706066769, "roughness": 0.0003621459392075182, "p_wh": 114.47600387030182, "t_wh": 20.59455011706832, "temp_grad": 2.2407088842325633}