{
       "q_liq": [
              0,
              10,
              20,
              30,
              40,
              50,
              60,
              70,
              80,
              90,
              100,
              110,
              120,
              130,
              140,
              150,
              160,
              170,
              180,
              190,
              200,
              210,
              220,
              230,
              240,
              250,
              260,
              270,
              280,
              290,
              300,
              310,
              320,
              330,
              340,
              350,
              360,
              370,
              380,
              390,
              400
       ],
       "p_wf": [
              158.74771727130872,
              158.74739223218145,
              158.74653594749097,
              158.74518650226204,
              158.74334480719213,
              158.74101254824163,
              158.73819099757628,
              158.73488096359043,
              158.7310830024798,
              158.72679751915817,
              158.72202482104564,
              158.7167651492288,
              158.7110186977143,
              158.70478562593368,
              158.6980660672025,
              158.69086013464585,
              158.68316792546284,
              158.67498952407365,
              158.66632500449344,
              158.6571744321519,
              158.64753786531193,
              158.6374153561956,
              158.62680695188496,
              158.61571269504958,
              158.60413262454566,
              158.59206677591354,
              158.5795151817848,
              158.56647787223346,
              158.55295487506615,
              158.53894621607793,
              158.52445191925838,
              158.5094720069844,
              158.49400650017517,
              158.47805541843707,
              158.4616187801799,
              158.44469660273143,
              158.4272889024265,
              158.40939569469444,
              158.39101699413274,
              158.37215281457443,
              158.3528031691475
       ]
}