{"gamma_water": 1.0431441565062398, "md_vdp": 2324.842980335473, "d_tub": 0.08576195951337721, "angle": 62.463259726424994, "roughness": 0.0006210268762141921, "p_wh": 151.7704449341636, "t_wh": 20.207571342378124, "temp_grad": 2.267231099437031}