{
    "q_liq": [
        0,
        10,
        20,
        30,
        40,
        50,
        60,
        70,
        80,
        90,
        100,
        110,
        120,
        130,
        140,
        150,
        160,
        170,
        180,
        190,
        200,
        210,
        220,
        230,
        240,
        250,
        260,
        270,
        280,
        290,
        300,
        310,
        320,
        330,
        340,
        350,
        360,
        370,
        380,
        390,
        400
    ],
    "p_wf": [
        359.3467424608608,
        359.3446883230986,
        359.33623157910404,
        359.32469946030506,
        359.3092735501951,
        359.2899348980937,
        359.2667037247642,
        359.239592908068,
        359.208611268401,
        359.1737651919773,
        359.1350595003296,
        359.0924979546453,
        359.0460835669004,
        358.9958188014646,
        358.94170571108054,
        358.8837460316964,
        358.82194125049926,
        358.75629265592255,
        358.6868013751831,
        358.61346840298387,
        358.53629462381986,
        358.4552808295647,
        358.37042773351925,
        358.28173598176267,
        358.1892061624231,
        358.09283881332004,
        357.9926344283221,
        357.88859346267606,
        357.78071633750824,
        357.6690034436517,
        357.5534551449216,
        357.43407178093355,
        357.3108536695421,
        357.1838011089625,
        357.0529143796236,
        356.91819374579467,
        356.7796394570186,
        356.6372517493802,
        356.4910308466319,
        356.34097696119784,
        356.1870902950699
    ]
}