{"gamma_water": 0.9867268896045713, "md_vdp": 2455.488558489585, "d_tub": 0.0674409981763102, "angle": 88.13841355675822, "roughness": 0.00020568635171041642, "p_wh": 123.89930690558487, "t_wh": 22.75053527076139, "temp_grad": 2.1742238941017424}