{
    "q_liq": [
        0,
        10,
        20,
        30,
        40,
        50,
        60,
        70,
        80,
        90,
        100,
        110,
        120,
        130,
        140,
        150,
        160,
        170,
        180,
        190,
        200,
        210,
        220,
        230,
        240,
        250,
        260,
        270,
        280,
        290,
        300,
        310,
        320,
        330,
        340,
        350,
        360,
        370,
        380,
        390,
        400
    ],
    "p_wf": [
        169.17783478558442,
        169.1766521636813,
        169.17347061353288,
        169.1683652371256,
        169.161341729621,
        169.15240549663426,
        169.14155958716054,
        169.12880594930874,
        169.11414593141112,
        169.09758052033604,
        169.07911046890845,
        169.05873637001105,
        169.03645870254712,
        169.01227786139415,
        168.9861941777566,
        168.9582079334514,
        168.9283193712356,
        168.89652870244328,
        168.86283611275755,
        168.827241766657,
        168.78974581088121,
        168.75034837719213,
        168.70904958457962,
        168.66584954106412,
        168.6207483451632,
        168.5737460871175,
        168.52484284990703,
        168.47403871011545,
        168.42133373865096,
        168.3667280013729,
        168.31022155962071,
        168.25181447068013,
        168.1915067881743,
        168.12929856242215,
        168.0651898407384,
        167.99918066770297,
        167.93127108539898,
        167.8614611336229,
        167.78975085007494,
        167.71614027051956,
        167.6406294289474
    ]
}