{"gamma_water": 1.0032771912327783, "md_vdp": 2001.8091648807663, "d_tub": 0.06360710809082407, "angle": 62.59144715331712, "roughness": 0.00014447597923425548, "p_wh": 164.07965337809787, "t_wh": 32.86207597525522, "temp_grad": 2.0668596326592388}