{
    "q_liq": [
        0,
        10,
        20,
        30,
        40,
        50,
        60,
        70,
        80,
        90,
        100,
        110,
        120,
        130,
        140,
        150,
        160,
        170,
        180,
        190,
        200,
        210,
        220,
        230,
        240,
        250,
        260,
        270,
        280,
        290,
        300,
        310,
        320,
        330,
        340,
        350,
        360,
        370,
        380,
        390
    ],
    "p_wf": [
        335.6447591739406,
        335.6357720497841,
        335.61421952450905,
        335.58169670837765,
        335.53847455678766,
        335.48474562952526,
        335.4206242465522,
        335.3461852451804,
        335.2614809260136,
        335.1665496172904,
        335.061420447578,
        334.94611620227795,
        334.82065512975447,
        334.6850521344158,
        334.539319593602,
        334.3834679339201,
        334.2175060483666,
        334.0414416049293,
        333.8552812793194,
        333.6590309334767,
        333.45269575454563,
        333.2362803645387,
        333.0097889079168,
        332.7732251223021,
        332.52659239613985,
        332.2698938161472,
        332.00313220668244,
        331.72631016266166,
        331.43943007727654,
        331.1424941654857,
        330.83550448404617,
        330.5184629486935,
        330.19137134895,
        329.8542313609568,
        329.50704455864184,
        329.1498124234825,
        328.78253635307595,
        328.4052176686915,
        328.01785762194834,
        327.62045740074376
    ]
}