{
    "q_liq": [
        0,
        10,
        20,
        30,
        40,
        50,
        60,
        70,
        80,
        90,
        100,
        110,
        120,
        130,
        140,
        150,
        160,
        170,
        180,
        190,
        200,
        210,
        220,
        230,
        240,
        250,
        260,
        270,
        280,
        290,
        300,
        310,
        320,
        330,
        340,
        350,
        360,
        370,
        380,
        390
    ],
    "p_wf": [
        402.2954466872621,
        402.2939005647705,
        402.2860382004135,
        402.2763441603346,
        402.2636484052423,
        402.24804003339034,
        402.2295750251024,
        402.2082917006466,
        402.18421781555224,
        402.15737430627524,
        402.12777746076205,
        402.0954402638855,
        402.060373275345,
        402.022585226211,
        401.98208343786155,
        401.9388741244125,
        401.89296261613396,
        401.8443535278474,
        401.79305088806615,
        401.7390582395561,
        401.6823787186809,
        401.62301511882595,
        401.5609699415757,
        401.4962454384866,
        401.4288436454268,
        401.3587664110964,
        401.2860154208495,
        401.21059221673653,
        401.1324982145045,
        401.05173471806904,
        400.9683029319063,
        400.8822039717464,
        400.7934388738091,
        400.7020086028456,
        400.60791405914546,
        400.5111560847017,
        400.41173546860614,
        400.3096529518348,
        400.20490923147383,
        400.0975049644947
    ]
}