{
    "q_liq": [
        0,
        10,
        20,
        30,
        40,
        50,
        60,
        70,
        80,
        90,
        100,
        110,
        120,
        130,
        140,
        150,
        160,
        170,
        180,
        190,
        200,
        210,
        220,
        230,
        240,
        250,
        260,
        270,
        280,
        290,
        300,
        310,
        320,
        330,
        340,
        350,
        360,
        370,
        380,
        390
    ],
    "p_wf": [
        328.46008358672356,
        328.4563901510644,
        328.44486896860644,
        328.4274290697231,
        328.4035512045159,
        328.37325458893883,
        328.33655013279645,
        328.2934448022957,
        328.2439434337952,
        328.1880495850769,
        328.12576598664805,
        328.0570948029675,
        327.9820377940419,
        327.9005964207356,
        327.8127719163414,
        327.71856533692875,
        327.61797759780217,
        327.51100950055655,
        327.39766175358295,
        327.27793498789845,
        327.1518297695629,
        327.0193466095593,
        326.88048597175447,
        326.73524827938724,
        326.5836339204097,
        326.4256432519255,
        326.2612766039093,
        326.09053428234665,
        325.9134165719047,
        325.7299237382177,
        325.54005602985427,
        325.34381368002164,
        325.14119690804813,
        324.9322059206787,
        324.71684091321464,
        324.4951020705168,
        324.2669895678953,
        324.0325035718994,
        323.7916442410224,
        323.54441172633204
    ]
}